-- Create a Database 
CREATE DATABASE ecommerce;
USE ecommerce;

-- Customers Table 
CREATE TABLE Customers(
  customer_id INT PRIMARY KEY,
  name VARCHAR(50),
  city VARCHAR(50),
  email VARCHAR(120),
  registered_date DATE
);
  
-- Products Table 
CREATE TABLE Products(
    product_id INT PRIMARY KEY,
    product_name VARCHAR(100),
    category VARCHAR(70),
    price INT
);
    
-- Orders Table 
CREATE TABLE Orders(
    order_id INT PRIMARY KEY,
    customer_id INT,
    order_date DATE,
    status VARCHAR(50),
    FOREIGN KEY(customer_id) REFERENCES Customers(customer_id)
);
      
-- Order Items Table 
CREATE TABLE Order_items(
    item_id INT PRIMARY KEY,
    order_id INT,
    product_id INT,
    quantity INT,
    unit_price INT,
    FOREIGN KEY(order_id) REFERENCES Orders(order_id),
    FOREIGN KEY(product_id) REFERENCES Products(product_id)
);
        
-- Payments Table 
CREATE TABLE Payments(
    payment_id INT PRIMARY KEY,
    order_id INT,
    amount INT,
    payment_date DATE,
    payment_method VARCHAR(70),
    FOREIGN KEY(order_id) REFERENCES Orders(order_id)
);

-- Customers
INSERT INTO Customers(customer_id , name , city , email , registered_date)
VALUES
(101,'Ramya','Hyderabad','yramya@gmail.com','2019-10-06'),
(102,'Vedika','Jaipur','shahvedika@gmail.com','2024-07-04'),
(103,'Tanushree','Lucknow','shree@gmail.com','2025-01-09'),
(104,'Alice','New Delhi','aliceyy@gmail.com','2020-05-03'),
(105,'Kaneez','Chennai','zehra123@gmail.com','2021-04-07'),
(106,'Salman','Kochi','dqsal@gmail.com','2018-12-16'),
(107,'Alia','Dehradun','kapoor@gmail.com','2025-11-27'),
(108,'Puspha','Hyderabad','rajpuspha@gmail.com','2023-05-29'),
(109,'Chetana','Udaipur' ,'manuka0810@gmail.com','2026-01-05'),
(110,'Rani','Madras','estherrani@gmail.com','2019-03-28'),
(111,'Vaishnavi','Vijaywada','vaish31@gmail.com','2018-06-12'),
(112,'Ruksana','Amaravati','shaik@mail.com','2021-12-31'),
(113,'Bhavani','Mumbai','talvaribhavani@gmail.com','2018-01-01'),
(114,'Lasya','Punjab','lasyasri@gmail.com','2020-03-11'),
(115,'Uma','kochi','uma143@gmail.com','2023-04-05'),
(116,'Srinidhi','Bangalore','psri1607@gmail.com','2018-08-09'),
(117,'Surekha','Mysore','sukku@gmail.com','2019-03-02'),
(118 ,'Karthik','Hyderabad','karx@gmail.com','2020-03-17'),
(119,'Anirudh','Manglore','ani@gmail.com','2021-09-10'),
(120,'Saketh','Pune','Sk@gmail.com','2020-04-15');

-- Products 
INSERT INTO Products (product_id, product_name, category, price) VALUES
(1, 'iPhone 14', 'Electronics', 79999),
(2, 'Samsung Galaxy S23', 'Electronics', 69999),
(3, 'Sony Headphones', 'Electronics', 8999),
(4, 'HP Laptop', 'Electronics', 55000),
(5, 'Apple Watch', 'Electronics', 35000),
(6, 'Nike Running Shoes', 'Footwear', 4999),
(7, 'Adidas Sneakers', 'Footwear', 3999),
(8, 'Puma Sports Shoes', 'Footwear', 2999),
(9, 'Levis Jeans', 'Clothing', 2999),
(10, 'Zara Formal Shirt', 'Clothing', 1999),
(11, 'H&M Dress', 'Clothing', 2499),
(12, 'Allen Solly Trousers', 'Clothing', 1799),
(13, 'Air Fryer', 'Appliances', 5999),
(14, 'Rice Cooker', 'Appliances', 2500),
(15, 'Electric Kettle', 'Appliances', 1299),
(16, 'Mixer Grinder', 'Appliances', 3499),
(17, 'Python Book', 'Books', 799),
(18, 'Data Science Book', 'Books', 999),
(19, 'SQL Masterclass Book', 'Books', 699),
(20, 'Machine Learning Book', 'Books', 1199);

-- Orders 
INSERT INTO Orders (order_id, customer_id, order_date, status) VALUES
(1001, 101, '2024-01-05', 'delivered'),
(1002, 102, '2024-01-15', 'delivered'),
(1003, 103, '2024-01-22', 'delivered'),
(1004, 101, '2024-02-03', 'delivered'),
(1005, 104, '2024-02-14', 'delivered'),
(1006, 105, '2024-02-20', 'cancelled'),
(1007, 106, '2024-03-01', 'delivered'),
(1008, 101, '2024-03-10', 'delivered'),
(1009, 107, '2024-03-18', 'delivered'),
(1010, 108, '2024-04-02', 'delivered'),
(1011, 102, '2024-04-11', 'delivered'),
(1012, 109, '2024-04-19', 'cancelled'),
(1013, 110, '2024-05-03', 'delivered'),
(1014, 111, '2024-05-14', 'delivered'),
(1015, 101, '2024-05-22', 'delivered'),
(1016, 112, '2024-06-01', 'delivered'),
(1017, 103, '2024-06-12', 'delivered'),
(1018, 113, '2024-06-20', 'pending'),
(1019, 114, '2024-07-04', 'delivered'),
(1020, 115, '2024-07-15', 'delivered'),
(1021, 101, '2024-07-22', 'delivered'),
(1022, 116, '2024-08-01', 'delivered'),
(1023, 102, '2024-08-10', 'delivered'),
(1024, 117, '2024-08-18', 'delivered'),
(1025, 118, '2024-09-02', 'delivered'),
(1026, 119, '2024-09-14', 'cancelled'),
(1027, 110, '2024-09-20', 'delivered'),
(1028, 101, '2024-10-01', 'delivered'),
(1029, 120, '2024-10-11', 'delivered'),
(1030, 103, '2024-10-19', 'delivered'),
(1031, 111, '2024-11-02', 'delivered'),
(1032, 104, '2024-11-10', 'delivered'),
(1033, 112, '2024-11-18', 'delivered'),
(1034, 101, '2024-11-25', 'delivered'),
(1035, 102, '2024-12-01', 'delivered'),
(1036, 113, '2024-12-08', 'delivered'),
(1037, 114, '2024-12-14', 'delivered'),
(1038, 118, '2024-12-20', 'delivered'),
(1039, 119, '2024-12-24', 'delivered'),
(1040, 120, '2024-12-28', 'delivered'),
(1041, 105, '2024-03-25', 'delivered'),
(1042, 106, '2024-04-28', 'delivered'),
(1043, 107, '2024-06-05', 'delivered'),
(1044, 108, '2024-08-25', 'delivered'),
(1045, 109, '2024-09-30', 'delivered'),
(1046, 115, '2024-10-25', 'delivered'),
(1047, 116, '2024-11-05', 'delivered'),
(1048, 117, '2024-12-03', 'delivered'),
(1049, 110, '2024-07-30', 'cancelled'),
(1050, 111, '2024-05-28', 'delivered');

-- Order Items 
INSERT INTO Order_items (item_id, order_id, product_id, quantity, unit_price) VALUES
(1, 1001, 1, 1, 79999),
(2, 1001, 17, 2, 799),
(3, 1002, 6, 1, 4999),
(4, 1002, 9, 1, 2999),
(5, 1003, 13, 1, 5999),
(6, 1003, 15, 1, 1299),
(7, 1004, 3, 1, 8999),
(8, 1004, 18, 1, 999),
(9, 1005, 4, 1, 55000),
(10, 1005, 10, 2, 1999),
(11, 1006, 7, 1, 3999),
(12, 1007, 2, 1, 69999),
(13, 1007, 19, 1, 699),
(14, 1008, 5, 1, 35000),
(15, 1008, 11, 1, 2499),
(16, 1009, 16, 1, 3499),
(17, 1009, 14, 2, 2500),
(18, 1010, 1, 1, 79999),
(19, 1010, 20, 1, 1199),
(20, 1011, 8, 2, 2999),
(21, 1011, 12, 1, 1799),
(22, 1012, 13, 1, 5999),
(23, 1013, 4, 1, 55000),
(24, 1013, 17, 3, 799),
(25, 1014, 6, 1, 4999),
(26, 1014, 9, 2, 2999),
(27, 1015, 2, 1, 69999),
(28, 1015, 18, 2, 999),
(29, 1016, 3, 2, 8999),
(30, 1016, 15, 1, 1299),
(31, 1017, 5, 1, 35000),
(32, 1017, 10, 1, 1999),
(33, 1018, 16, 1, 3499),
(34, 1019, 1, 1, 79999),
(35, 1019, 19, 2, 699),
(36, 1020, 7, 1, 3999),
(37, 1020, 14, 1, 2500),
(38, 1021, 4, 1, 55000),
(39, 1021, 20, 1, 1199),
(40, 1022, 2, 1, 69999),
(41, 1022, 11, 2, 2499),
(42, 1023, 6, 2, 4999),
(43, 1023, 17, 1, 799),
(44, 1024, 13, 1, 5999),
(45, 1024, 15, 2, 1299),
(46, 1025, 1, 1, 79999),
(47, 1025, 9, 1, 2999),
(48, 1026, 8, 1, 2999),
(49, 1027, 5, 1, 35000),
(50, 1027, 18, 1, 999),
(51, 1028, 2, 1, 69999),
(52, 1028, 10, 2, 1999),
(53, 1029, 3, 1, 8999),
(54, 1029, 16, 1, 3499),
(55, 1030, 4, 1, 55000),
(56, 1030, 19, 1, 699),
(57, 1031, 1, 1, 79999),
(58, 1031, 14, 2, 2500),
(59, 1032, 7, 2, 3999),
(60, 1032, 11, 1, 2499),
(61, 1033, 2, 1, 69999),
(62, 1033, 20, 2, 1199),
(63, 1034, 5, 1, 35000),
(64, 1034, 17, 2, 799),
(65, 1035, 1, 1, 79999),
(66, 1035, 13, 1, 5999),
(67, 1036, 4, 1, 55000),
(68, 1036, 15, 1, 1299),
(69, 1037, 6, 2, 4999),
(70, 1037, 9, 1, 2999),
(71, 1038, 3, 1, 8999),
(72, 1038, 18, 2, 999),
(73, 1039, 2, 1, 69999),
(74, 1039, 10, 1, 1999),
(75, 1040, 16, 2, 3499),
(76, 1040, 19, 1, 699),
(77, 1041, 1, 1, 79999),
(78, 1041, 20, 1, 1199),
(79, 1042, 7, 1, 3999),
(80, 1042, 14, 1, 2500),
(81, 1043, 5, 1, 35000),
(82, 1043, 11, 1, 2499),
(83, 1044, 4, 1, 55000),
(84, 1044, 17, 3, 799),
(85, 1045, 2, 1, 69999),
(86, 1045, 15, 2, 1299),
(87, 1046, 1, 1, 79999),
(88, 1046, 9, 2, 2999),
(89, 1047, 3, 2, 8999),
(90, 1047, 18, 1, 999),
(91, 1048, 6, 1, 4999),
(92, 1048, 13, 1, 5999),
(93, 1049, 8, 1, 2999),
(94, 1050, 2, 1, 69999),
(95, 1050, 10, 2, 1999),
(96, 1028, 12, 1, 1799),
(97, 1029, 20, 1, 1199),
(98, 1034, 8, 2, 2999),
(99, 1035, 16, 1, 3499),
(100, 1036, 9, 1, 2999),
(101, 1037, 19, 2, 699),
(102, 1038, 11, 1, 2499),
(103, 1039, 14, 1, 2500),
(104, 1040, 7, 1, 3999),
(105, 1041, 13, 1, 5999);

-- Payments (only delivered orders get payments)
INSERT INTO Payments (payment_id, order_id, amount, payment_date, payment_method) VALUES
(1, 1001, 81597, '2024-01-05', 'UPI'),
(2, 1002, 7998, '2024-01-15', 'Credit Card'),
(3, 1003, 7298, '2024-01-22', 'Debit Card'),
(4, 1004, 9998, '2024-02-03', 'UPI'),
(5, 1005, 58998, '2024-02-14', 'Net Banking'),
(6, 1007, 70698, '2024-03-01', 'Credit Card'),
(7, 1008, 37499, '2024-03-10', 'UPI'),
(8, 1009, 8499, '2024-03-18', 'Debit Card'),
(9, 1010, 81198, '2024-04-02', 'UPI'),
(10, 1011, 7797, '2024-04-11', 'Credit Card'),
(11, 1013, 57397, '2024-05-03', 'Net Banking'),
(12, 1014, 10997, '2024-05-14', 'UPI'),
(13, 1015, 71997, '2024-05-22', 'Credit Card'),
(14, 1016, 19297, '2024-06-01', 'Debit Card'),
(15, 1017, 36999, '2024-06-12', 'UPI'),
(16, 1019, 81397, '2024-07-04', 'Credit Card'),
(17, 1020, 6499, '2024-07-15', 'UPI'),
(18, 1021, 56199, '2024-07-22', 'Net Banking'),
(19, 1022, 74997, '2024-08-01', 'Debit Card'),
(20, 1023, 10797, '2024-08-10', 'UPI'),
(21, 1024, 8597, '2024-08-18', 'Credit Card'),
(22, 1025, 82998, '2024-09-02', 'UPI'),
(23, 1027, 35999, '2024-09-20', 'Debit Card'),
(24, 1028, 75597, '2024-10-01', 'Net Banking'),
(25, 1029, 13697, '2024-10-11', 'UPI'),
(26, 1030, 55699, '2024-10-19', 'Credit Card'),
(27, 1031, 84999, '2024-11-02', 'UPI'),
(28, 1032, 10497, '2024-11-10', 'Debit Card'),
(29, 1033, 71397, '2024-11-18', 'Credit Card'),
(30, 1034, 42596, '2024-11-25', 'UPI'),
(31, 1035, 89498, '2024-12-01', 'Net Banking'),
(32, 1036, 57299, '2024-12-08', 'UPI'),
(33, 1037, 12997, '2024-12-14', 'Credit Card'),
(34, 1038, 11997, '2024-12-20', 'Debit Card'),
(35, 1039, 71997, '2024-12-24', 'UPI'),
(36, 1040, 10597, '2024-12-28', 'Credit Card'),
(37, 1041, 81198, '2024-03-25', 'UPI'),
(38, 1042, 6499, '2024-04-28', 'Debit Card'),
(39, 1043, 37499, '2024-06-05', 'Net Banking'),
(40, 1044, 57397, '2024-08-25', 'UPI'),
(41, 1045, 72597, '2024-09-30', 'Credit Card'),
(42, 1046, 85997, '2024-10-25', 'UPI'),
(43, 1047, 18997, '2024-11-05', 'Debit Card'),
(44, 1048, 10997, '2024-12-03', 'Credit Card'),
(45, 1050, 73997, '2024-05-28', 'UPI');

